,,,,,GPT 3.5
,,,Quantitative Questions,,
,,,What's the price of apple stock?,,0
,,,What's the price of tesla stock?,,0
,,,What's the price of BTC?,,0.5
,,,What's the price of gamestop stock?,,0
,,,What's the price of NVIDIA stock ? ,,0
,,,What is the price of Microsoft Stock?,,0
,,,what is the discounted cash flow of apple,,0
,,,What is the earnings per share (EPS) of Apple?,,0.5
,,,What is the earnings per share (EPS) of Tesla?,,0.5
,,,What is the earnings per share (EPS) of NVIDIA?,,0
,,,What is the earnings per share (EPS) of Gamestop?,,0
,,,What is the earnings per share (EPS) of Microsoft?,,0.5
,,,What is the net income of Apple for the previous fiscal year?,,0.5
,,,What is the net income of Tesla for the previous fiscal year?,,0
,,,What is the net income of NVIDIA for the previous fiscal year?,,0.5
,,,What is the net income of Gamestop for the previous fiscal year?,,0.5
,,,What is the net income of Microsoft for the previous fiscal year?,,0.5
,,,What is the P/E ratio for Apple?,,0
,,,What is the P/E ratio for Microsoft?,,0
,,,What is the P/E ratio for Gamestop?,,0
,,,What is the P/E ratio for Tesla?,,0.5
,,,What is the P/E ratio for NVIDIA?,,0
,,,,,0.2045454545